Source,Target,Type,Weight,npmi
seguir,ciencia,Undirected,5.00,0.0868
seguir,etnografia,Undirected,11.00,0.1976
seguir,associacao,Undirected,20.00,0.2429
seguir,fabio,Undirected,40.00,0.3316
seguir,claudio,Undirected,27.00,0.1493
seguir,trajetoria,Undirected,14.00,0.2101
seguir,maquina,Undirected,4.00,-0.0027
seguir,hollerith,Undirected,5.00,0.0344
seguir,ator,Undirected,37.00,0.3533
seguir,rede,Undirected,12.00,0.0451
seguir,descrevo,Undirected,16.00,0.2908
seguir,investigacao,Undirected,4.00,0.1482
seguir,historica,Undirected,4.00,0.1207
seguir,comercial,Undirected,3.00,0.0838
seguir,entrevistas,Undirected,4.00,0.0560
seguir,campo,Undirected,4.00,-0.0023
seguir,questao,Undirected,4.00,0.1207
seguir,sigo,Undirected,4.00,0.1112
seguir,ponto,Undirected,3.00,0.0314
seguir,segui,Undirected,9.00,0.2146
seguir,documentos,Undirected,3.00,0.0887
seguir,corporacao,Undirected,4.00,-0.0341
seguir,arranjo,Undirected,8.00,0.0509
seguir,observacao,Undirected,3.00,0.0991
seguir,ecossistema,Undirected,3.00,-0.0342
seguir,sistema,Undirected,3.00,0.0391
trajetoria,inovacao,Undirected,5.00,0.1264
trajetoria,corporacao,Undirected,18.00,0.2223
trajetoria,rede,Undirected,5.00,-0.0255
trajetoria,hollerith,Undirected,9.00,0.1573
trajetoria,inscricao,Undirected,9.00,0.2775
trajetoria,historica,Undirected,11.00,0.3173
trajetoria,partir,Undirected,4.00,0.0687
trajetoria,empresa,Undirected,13.00,0.1858
trajetoria,sigo,Undirected,5.00,0.1816
trajetoria,brasil,Undirected,5.00,0.0560
trajetoria,tecnica,Undirected,3.00,0.1032
trajetoria,comercial,Undirected,7.00,0.2420
trajetoria,tabulacao,Undirected,3.00,0.0926
trajetoria,descrevo,Undirected,4.00,0.1188
trajetoria,segui,Undirected,3.00,0.1003
trajetoria,deixa,Undirected,6.00,0.2132
trajetoria,ponto,Undirected,5.00,0.1356
trajetoria,brasileiro,Undirected,4.00,0.1757
trajetoria,secao,Undirected,11.00,0.3034
trajetoria,arranjo,Undirected,3.00,-0.0288
trajetoria,disponivel,Undirected,4.00,0.1219
sigo,associacao,Undirected,5.00,0.1566
sigo,rede,Undirected,24.00,0.3050
sigo,pergunta,Undirected,3.00,0.1178
sigo,segui,Undirected,5.00,0.2507
sigo,ator,Undirected,9.00,0.2454
sigo,campo,Undirected,6.00,0.1733
sigo,descrevo,Undirected,3.00,0.1596
sigo,fabio,Undirected,4.00,0.0891
sigo,claudio,Undirected,4.00,0.0096
sigo,corte,Undirected,6.00,0.3024
sigo,tornou,Undirected,3.00,0.1947
sigo,modelo,Undirected,3.00,0.0674
sigo,escala,Undirected,3.00,0.1563
sigo,centro,Undirected,3.00,0.0130
sigo,artificial,Undirected,3.00,0.1062
comercial,cientifico,Undirected,4.00,0.1780
comercial,hollerith,Undirected,5.00,0.1668
comercial,tecnica,Undirected,19.00,0.5077
comercial,tecnologia,Undirected,4.00,0.0887
comercial,modelo,Undirected,3.00,0.0765
comercial,maquina,Undirected,3.00,0.0892
comercial,vinculo,Undirected,3.00,0.1606
comercial,recursos,Undirected,3.00,0.1622
comercial,centro,Undirected,3.00,0.0221
comercial,relatorio,Undirected,3.00,0.1568
cientifico,publicacoes,Undirected,9.00,0.2368
cientifico,tecnologia,Undirected,4.00,0.0171
cientifico,relatorios,Undirected,28.00,0.4497
cientifico,centro,Undirected,19.00,0.2074
cientifico,instituicao,Undirected,8.00,0.1630
cientifico,pesquisa,Undirected,12.00,0.0918
cientifico,producao,Undirected,22.00,0.4574
cientifico,informacao,Undirected,3.00,0.1110
cientifico,analise,Undirected,4.00,0.0867
cientifico,relatorio,Undirected,14.00,0.3063
cientifico,grupo,Undirected,7.00,0.2407
cientifico,acesso,Undirected,4.00,0.1269
cientifico,dado,Undirected,6.00,0.0789
corte,rede,Undirected,23.00,0.3087
corte,codigo,Undirected,7.00,0.3097
corte,descreve,Undirected,3.00,0.1622
corte,artificial,Undirected,3.00,0.1154
corte,aberto,Undirected,4.00,0.2272
corte,etnografia,Undirected,4.00,0.1835
corte,campo,Undirected,3.00,0.0896
corte,estados,Undirected,3.00,0.2134
unidos,estados,Undirected,54.00,0.8509
unidos,ponto,Undirected,3.00,0.1827
unidos,hollerith,Undirected,3.00,0.1254
unidos,maquina,Undirected,5.00,0.1849
unidos,brasil,Undirected,6.00,0.2030
unidos,acesso,Undirected,4.00,0.2260
unidos,disponivel,Undirected,3.00,0.2352
unidos,claudio,Undirected,3.00,0.0123
recursos,infraestrutura,Undirected,6.00,0.1570
recursos,centro,Undirected,5.00,0.0363
recursos,financiamento,Undirected,6.00,0.1957
recursos,fapesp,Undirected,11.00,0.2270
recursos,tecnologia,Undirected,3.00,0.0066
recursos,empresa,Undirected,4.00,0.0625
recursos,tecnica,Undirected,3.00,0.1436
recursos,modelo,Undirected,3.00,0.0302
recursos,gente,Undirected,3.00,0.1542
recursos,corporacao,Undirected,5.00,0.0753
recursos,publico,Undirected,4.00,0.0610
recursos,linguagem,Undirected,6.00,0.2153
recursos,natural,Undirected,4.00,0.2424
recursos,parte,Undirected,3.00,0.0854
grupo,pesquisa,Undirected,22.00,0.2551
grupo,parte,Undirected,4.00,0.1509
grupo,obia,Undirected,11.00,0.4434
grupo,gente,Undirected,3.00,0.1818
grupo,vinculo,Undirected,3.00,0.1420
grupo,processamento,Undirected,3.00,0.2051
grupo,producao,Undirected,11.00,0.3814
grupo,dado,Undirected,4.00,0.0796
grupo,maior,Undirected,5.00,0.1936
grupo,publicacoes,Undirected,3.00,0.1323
grupo,relatorio,Undirected,8.00,0.2817
grupo,posicao,Undirected,3.00,0.1607
grupo,brasil,Undirected,7.00,0.1538
grupo,saude,Undirected,3.00,0.1663
cadeia,ator,Undirected,3.00,0.0983
cadeia,inscricao,Undirected,12.00,0.4302
cadeia,dado,Undirected,3.00,0.0628
cadeia,posicao,Undirected,3.00,0.1793
cadeia,corporacao,Undirected,5.00,0.1244
cadeia,historica,Undirected,3.00,0.2085
cadeia,publico,Undirected,6.00,0.1646
cadeia,relacoes,Undirected,4.00,0.2447
cadeia,processamento,Undirected,3.00,0.2237
tornou,etnografia,Undirected,4.00,0.1786
tornou,rede,Undirected,5.00,0.0615
tornou,centro,Undirected,8.00,0.1049
tornou,corporacao,Undirected,3.00,0.0542
tornou,pesquisa,Undirected,5.00,0.0444
tornou,campo,Undirected,3.00,0.0849
tornou,vinculo,Undirected,3.00,0.1560
tornou,investigacao,Undirected,4.00,0.2723
tornou,historica,Undirected,6.00,0.3073
tornou,ator,Undirected,3.00,0.0936
tornou,tecnologia,Undirected,5.00,0.1132
tornou,arranjo,Undirected,8.00,0.1861
tornou,fapesp,Undirected,3.00,0.0866
tornou,publico,Undirected,6.00,0.1596
modelo,ecossistema,Undirected,5.00,0.0178
modelo,negocio,Undirected,21.00,0.3903
modelo,empresa,Undirected,3.00,-0.0581
modelo,artificial,Undirected,4.00,0.0168
modelo,codigo,Undirected,12.00,0.2487
modelo,aberto,Undirected,9.00,0.2062
modelo,processamento,Undirected,4.00,0.1288
modelo,tecnologia,Undirected,4.00,-0.0478
modelo,descrevo,Undirected,3.00,0.0367
modelo,publico,Undirected,3.00,-0.0596
modelo,publicacoes,Undirected,9.00,0.1650
modelo,pesquisador,Undirected,6.00,0.0731
modelo,parte,Undirected,3.00,-0.0003
modelo,fapesp,Undirected,6.00,0.0417
modelo,dado,Undirected,23.00,0.2129
modelo,linguagem,Undirected,26.00,0.3716
modelo,laboratorio,Undirected,6.00,0.0417
modelo,vinculo,Undirected,3.00,0.0286
modelo,descreve,Undirected,3.00,0.0302
modelo,material,Undirected,3.00,0.0334
modelo,centro,Undirected,3.00,-0.1099
modelo,arranjo,Undirected,3.00,-0.0741
publico,saude,Undirected,6.00,0.1390
publico,dado,Undirected,5.00,-0.0159
publico,vinculo,Undirected,11.00,0.2031
publico,fala,Undirected,3.00,0.0877
publico,rede,Undirected,5.00,-0.0780
publico,universidade,Undirected,29.00,0.3343
publico,pesquisador,Undirected,5.00,0.0451
publico,infraestrutura,Undirected,5.00,0.0361
publico,codigo,Undirected,9.00,0.1972
publico,aberto,Undirected,5.00,0.1159
publico,pesquisa,Undirected,18.00,0.0713
publico,analise,Undirected,3.00,-0.0158
publico,fabio,Undirected,5.00,-0.0162
publico,claudio,Undirected,5.00,-0.0978
publico,pergunta,Undirected,3.00,-0.0091
publico,corporacao,Undirected,16.00,0.1409
publico,centro,Undirected,11.00,0.0404
publico,arranjo,Undirected,11.00,0.0824
publico,entrevistas,Undirected,6.00,0.0967
publico,relatorio,Undirected,3.00,0.0207
publico,questao,Undirected,4.00,0.1089
publico,ponto,Undirected,4.00,0.0546
publico,documentos,Undirected,6.00,0.1699
publico,instituicao,Undirected,14.00,0.1721
publico,etnografia,Undirected,4.00,0.0428
publico,laboratorio,Undirected,4.00,-0.0123
publico,relatorios,Undirected,4.00,0.0602
publico,partir,Undirected,3.00,-0.0158
publico,fapesp,Undirected,4.00,-0.0123
publico,relacao,Undirected,5.00,0.1191
publico,tecnologia,Undirected,4.00,-0.0520
publico,financiamento,Undirected,12.00,0.2015
publico,relacoes,Undirected,6.00,0.1596
publico,inovacao,Undirected,3.00,0.0113
publico,brasil,Undirected,6.00,0.0263
publico,parte,Undirected,3.00,-0.0043
instituicao,corporacao,Undirected,12.00,0.1314
instituicao,arranjo,Undirected,9.00,0.0878
instituicao,vinculo,Undirected,9.00,0.2053
instituicao,relacoes,Undirected,10.00,0.2722
instituicao,infraestrutura,Undirected,6.00,0.0916
instituicao,acesso,Undirected,5.00,0.1177
instituicao,fabio,Undirected,3.00,-0.0441
instituicao,claudio,Undirected,4.00,-0.0910
instituicao,centro,Undirected,7.00,0.0137
instituicao,relacao,Undirected,5.00,0.1505
instituicao,pesquisa,Undirected,7.00,-0.0239
instituicao,fapesp,Undirected,8.00,0.1089
instituicao,tecnologia,Undirected,3.00,-0.0536
instituicao,universidade,Undirected,12.00,0.1805
instituicao,financiamento,Undirected,3.00,0.0408
instituicao,brasil,Undirected,5.00,0.0349
instituicao,escala,Undirected,3.00,0.0589
instituicao,informacao,Undirected,3.00,0.0737
instituicao,material,Undirected,4.00,0.0949
instituicao,descrevo,Undirected,3.00,0.0622
instituicao,saude,Undirected,6.00,0.1711
instituicao,relatorios,Undirected,4.00,0.0907
instituicao,documentos,Undirected,3.00,0.1068
inteligencia,pesquisa,Undirected,10.00,0.0485
inteligencia,artificial,Undirected,150.00,0.8644
inteligencia,ecossistema,Undirected,12.00,0.1959
inteligencia,inovacao,Undirected,11.00,0.2488
inteligencia,laboratorio,Undirected,6.00,0.0940
inteligencia,computacao,Undirected,10.00,0.2540
inteligencia,maquina,Undirected,12.00,0.1944
inteligencia,brasileiro,Undirected,18.00,0.4332
inteligencia,obia,Undirected,10.00,0.3496
inteligencia,tecnologia,Undirected,6.00,0.0524
inteligencia,empresa,Undirected,5.00,0.0514
inteligencia,brasil,Undirected,4.00,0.0311
inteligencia,centro,Undirected,28.00,0.2596
inteligencia,aprendizado,Undirected,12.00,0.3626
inteligencia,saude,Undirected,6.00,0.1958
associacao,fabio,Undirected,10.00,0.1040
associacao,claudio,Undirected,10.00,0.0010
associacao,campo,Undirected,6.00,0.0635
associacao,rede,Undirected,23.00,0.1574
associacao,ator,Undirected,6.00,0.0730
associacao,actante,Undirected,6.00,0.1940
associacao,descrevo,Undirected,9.00,0.2104
associacao,segui,Undirected,9.00,0.1920
associacao,codigo,Undirected,3.00,0.0253
associacao,aberto,Undirected,5.00,0.0767
associacao,questao,Undirected,3.00,0.0497
associacao,pergunta,Undirected,4.00,0.0513
associacao,descreve,Undirected,4.00,0.0877
associacao,parte,Undirected,5.00,0.0848
associacao,pesquisador,Undirected,3.00,0.0100
associacao,arranjo,Undirected,9.00,0.0836
associacao,pesquisa,Undirected,3.00,-0.1220
associacao,inscricao,Undirected,4.00,0.1308
associacao,material,Undirected,3.00,0.0552
brasileiro,artificial,Undirected,12.00,0.3433
brasileiro,obia,Undirected,5.00,0.3414
brasileiro,brasil,Undirected,3.00,0.0963
brasileiro,fechamento,Undirected,8.00,0.3836
brasileiro,laboratorio,Undirected,12.00,0.3146
brasileiro,vinculo,Undirected,6.00,0.2769
brasileiro,arranjo,Undirected,4.00,0.1096
brasileiro,descrevo,Undirected,3.00,0.1840
relatorios,etnografia,Undirected,4.00,0.1348
relatorios,documentos,Undirected,8.00,0.3134
relatorios,partir,Undirected,17.00,0.3382
relatorios,centro,Undirected,14.00,0.1832
relatorios,fapesp,Undirected,5.00,0.1089
relatorios,acesso,Undirected,5.00,0.1497
relatorios,campo,Undirected,3.00,0.0425
relatorios,descreve,Undirected,3.00,0.1151
relatorios,analise,Undirected,7.00,0.1881
relatorios,bluetalks,Undirected,3.00,0.1398
relatorios,publicacoes,Undirected,5.00,0.1722
relatorios,corporacao,Undirected,3.00,0.0117
relatorios,entrevistas,Undirected,12.00,0.3055
relatorios,deixa,Undirected,3.00,0.1567
relatorios,saude,Undirected,5.00,0.2083
relatorios,relatorio,Undirected,3.00,0.1097
relatorios,producao,Undirected,4.00,0.1869
relatorios,pesquisa,Undirected,4.00,-0.0270
relatorios,claudio,Undirected,4.00,-0.0615
hollerith,infraestrutura,Undirected,3.00,0.0020
hollerith,maquina,Undirected,45.00,0.4178
hollerith,parceria,Undirected,4.00,0.1266
hollerith,tabulacao,Undirected,39.00,0.5125
hollerith,rede,Undirected,10.00,0.0371
hollerith,pergunta,Undirected,5.00,0.0803
hollerith,partir,Undirected,6.00,0.0973
hollerith,empresa,Undirected,11.00,0.1321
hollerith,questao,Undirected,4.00,0.1361
hollerith,relacao,Undirected,5.00,0.1470
hollerith,corporacao,Undirected,5.00,0.0079
hollerith,sistema,Undirected,20.00,0.3355
hollerith,tecnica,Undirected,3.00,0.0801
hollerith,pratica,Undirected,4.00,0.0882
hollerith,estados,Undirected,3.00,0.1036
hollerith,computacao,Undirected,5.00,0.1211
saude,pesquisa,Undirected,12.00,0.1030
saude,parte,Undirected,3.00,0.1082
saude,centro,Undirected,5.00,0.0604
saude,artificial,Undirected,9.00,0.2484
saude,fapesp,Undirected,6.00,0.1595
maior,rede,Undirected,6.00,0.0521
maior,analise,Undirected,3.00,0.0847
maior,parte,Undirected,9.00,0.2535
maior,ciencia,Undirected,4.00,0.1503
maior,empresa,Undirected,4.00,0.0737
maior,dado,Undirected,3.00,0.0273
maior,publicacoes,Undirected,4.00,0.1533
maior,fechamento,Undirected,3.00,0.1779
maior,laboratorio,Undirected,6.00,0.1465
maior,escala,Undirected,6.00,0.2270
ciencia,tecnologia,Undirected,30.00,0.3465
ciencia,dado,Undirected,13.00,0.2039
ciencia,pesquisa,Undirected,8.00,0.0447
ciencia,resposta,Undirected,4.00,0.2028
ciencia,laboratorio,Undirected,5.00,0.0947
ciencia,pesquisador,Undirected,3.00,0.0597
ciencia,investigacao,Undirected,3.00,0.1747
ciencia,etnografia,Undirected,4.00,0.1210
ciencia,computacao,Undirected,8.00,0.2443
ciencia,humano,Undirected,3.00,0.1058
inscricao,humano,Undirected,5.00,0.1616
inscricao,acesso,Undirected,3.00,0.1544
inscricao,actante,Undirected,3.00,0.2050
inscricao,rede,Undirected,9.00,0.1257
inscricao,bluetalks,Undirected,4.00,0.2224
inscricao,producao,Undirected,3.00,0.1904
inscricao,descrevo,Undirected,3.00,0.1641
inscricao,analise,Undirected,3.00,0.1155
inscricao,pergunta,Undirected,5.00,0.1918
pergunta,pratica,Undirected,3.00,0.0807
pergunta,rede,Undirected,12.00,0.0963
pergunta,fabio,Undirected,3.00,-0.0191
pergunta,claudio,Undirected,14.00,0.0971
pergunta,bluetalks,Undirected,6.00,0.2004
pergunta,laboratorio,Undirected,3.00,0.0098
pergunta,campo,Undirected,11.00,0.1837
pergunta,historica,Undirected,12.00,0.3389
pergunta,ecossistema,Undirected,5.00,0.0714
pergunta,universidade,Undirected,4.00,0.0786
pergunta,pesquisa,Undirected,11.00,0.0512
pergunta,partir,Undirected,5.00,0.1030
pergunta,parte,Undirected,6.00,0.1405
pergunta,material,Undirected,3.00,0.0839
pergunta,questao,Undirected,3.00,0.1270
pergunta,ponto,Undirected,3.00,0.0745
pergunta,resposta,Undirected,11.00,0.3412
pergunta,corporacao,Undirected,5.00,0.0379
descrevo,ator,Undirected,5.00,0.1241
descrevo,actante,Undirected,4.00,0.2097
descrevo,resposta,Undirected,3.00,0.1840
descrevo,tecnologia,Undirected,3.00,0.0131
descrevo,entrevistas,Undirected,5.00,0.1747
descrevo,documentos,Undirected,4.00,0.2134
descrevo,arranjo,Undirected,15.00,0.2354
descrevo,ponto,Undirected,4.00,0.1542
descrevo,maquina,Undirected,3.00,0.0494
descrevo,rede,Undirected,9.00,0.1029
descrevo,segui,Undirected,5.00,0.2182
descrevo,parte,Undirected,3.00,0.0920
descrevo,posicao,Undirected,3.00,0.1395
descrevo,laboratorio,Undirected,3.00,0.0515
descrevo,conhecimento,Undirected,5.00,0.1919
descrevo,secao,Undirected,6.00,0.2602
descrevo,vinculo,Undirected,3.00,0.1208
descrevo,empresa,Undirected,3.00,0.0341
descrevo,dado,Undirected,3.00,0.0230
resposta,claudio,Undirected,25.00,0.3206
resposta,campo,Undirected,3.00,0.1048
resposta,bluetalks,Undirected,7.00,0.3309
resposta,computacao,Undirected,3.00,0.1807
gente,fabio,Undirected,3.00,0.0077
gente,negocio,Undirected,9.00,0.3782
gente,claudio,Undirected,4.00,0.0108
gente,descreve,Undirected,3.00,0.1542
gente,brasil,Undirected,9.00,0.2270
gente,fapesp,Undirected,3.00,0.0832
gente,pesquisa,Undirected,6.00,0.0644
gente,laboratorio,Undirected,10.00,0.2386
gente,parceria,Undirected,3.00,0.1386
gente,obia,Undirected,5.00,0.2398
gente,parte,Undirected,3.00,0.0740
ator,segui,Undirected,4.00,0.1133
ator,actante,Undirected,18.00,0.3823
ator,pesquisa,Undirected,9.00,0.0039
ator,empresa,Undirected,3.00,-0.0363
ator,rede,Undirected,49.00,0.3037
ator,humano,Undirected,23.00,0.3381
ator,centro,Undirected,4.00,-0.0571
ator,historica,Undirected,3.00,0.0983
ator,arranjo,Undirected,6.00,0.0291
ator,fabio,Undirected,4.00,-0.0154
ator,partir,Undirected,3.00,0.0100
ator,corporacao,Undirected,3.00,-0.0514
ator,claudio,Undirected,7.00,-0.0308
ator,computacao,Undirected,3.00,0.0552
ator,bluetalks,Undirected,3.00,0.0767
ator,campo,Undirected,4.00,0.0126
infraestrutura,maquina,Undirected,7.00,0.0987
infraestrutura,rede,Undirected,3.00,-0.0925
infraestrutura,pesquisador,Undirected,8.00,0.1525
infraestrutura,vinculo,Undirected,6.00,0.1553
infraestrutura,ecossistema,Undirected,4.00,0.0274
infraestrutura,dado,Undirected,8.00,0.0878
infraestrutura,corporacao,Undirected,8.00,0.0834
infraestrutura,universidade,Undirected,7.00,0.1380
infraestrutura,tecnologia,Undirected,4.00,-0.0114
infraestrutura,financiamento,Undirected,3.00,0.0506
infraestrutura,pesquisa,Undirected,8.00,0.0039
infraestrutura,informacao,Undirected,3.00,0.0834
infraestrutura,verbal,Undirected,4.00,0.1367
infraestrutura,fechamento,Undirected,3.00,0.1166
infraestrutura,conhecimento,Undirected,5.00,0.1314
infraestrutura,tecnica,Undirected,6.00,0.1871
infraestrutura,relacoes,Undirected,5.00,0.1757
infraestrutura,processamento,Undirected,3.00,0.1270
infraestrutura,analise,Undirected,3.00,0.0234
infraestrutura,disponivel,Undirected,3.00,0.1117
infraestrutura,fapesp,Undirected,4.00,0.0283
conhecimento,processamento,Undirected,3.00,0.1774
conhecimento,dado,Undirected,9.00,0.1623
conhecimento,corporacao,Undirected,3.00,0.0125
conhecimento,maquina,Undirected,6.00,0.1325
conhecimento,rede,Undirected,3.00,-0.0420
conhecimento,centro,Undirected,3.00,-0.0242
conhecimento,relacao,Undirected,3.00,0.1436
conhecimento,producao,Undirected,3.00,0.1487
conhecimento,etnografia,Undirected,3.00,0.0983
aberto,questao,Undirected,5.00,0.2604
aberto,fala,Undirected,3.00,0.2021
aberto,codigo,Undirected,54.00,0.7336
aberto,dado,Undirected,4.00,0.0765
aberto,negocio,Undirected,4.00,0.2322
aberto,centro,Undirected,3.00,0.0005
aberto,vinculo,Undirected,3.00,0.1390
aberto,claudio,Undirected,3.00,-0.0360
aberto,fechamento,Undirected,3.00,0.1917
historica,investigacao,Undirected,24.00,0.6198
historica,pratica,Undirected,4.00,0.2017
historica,relacao,Undirected,3.00,0.1899
historica,ecossistema,Undirected,5.00,0.1580
historica,inovacao,Undirected,3.00,0.1473
historica,rede,Undirected,3.00,0.0043
historica,tabulacao,Undirected,3.00,0.1793
historica,maquina,Undirected,3.00,0.0892
historica,entrevistas,Undirected,3.00,0.1460
historica,tecnica,Undirected,3.00,0.1899
historica,deixa,Undirected,3.00,0.2038
historica,escala,Undirected,3.00,0.1654
arranjo,corporacao,Undirected,10.00,0.0530
arranjo,centro,Undirected,8.00,-0.0186
arranjo,parte,Undirected,11.00,0.1521
arranjo,posicao,Undirected,13.00,0.2355
arranjo,universidade,Undirected,3.00,-0.0259
arranjo,documentos,Undirected,5.00,0.1286
arranjo,rede,Undirected,5.00,-0.0934
arranjo,segui,Undirected,8.00,0.1670
arranjo,secao,Undirected,3.00,0.0759
arranjo,fapesp,Undirected,27.00,0.2557
arranjo,empresa,Undirected,5.00,-0.0195
arranjo,vinculo,Undirected,4.00,0.0443
arranjo,claudio,Undirected,11.00,-0.0195
arranjo,pesquisa,Undirected,9.00,-0.0423
arranjo,partir,Undirected,4.00,0.0025
arranjo,ecossistema,Undirected,5.00,-0.0020
arranjo,brasil,Undirected,5.00,-0.0119
arranjo,ponto,Undirected,3.00,0.0054
arranjo,parceria,Undirected,3.00,0.0487
arranjo,verbal,Undirected,3.00,0.0455
laboratorio,pesquisa,Undirected,22.00,0.1275
laboratorio,artificial,Undirected,5.00,0.0600
laboratorio,etnografia,Undirected,12.00,0.2206
laboratorio,fapesp,Undirected,3.00,-0.0260
laboratorio,centro,Undirected,5.00,-0.0391
laboratorio,brasil,Undirected,23.00,0.2560
laboratorio,fabio,Undirected,4.00,-0.0227
laboratorio,claudio,Undirected,5.00,-0.0778
laboratorio,investigacao,Undirected,3.00,0.1179
laboratorio,pesquisador,Undirected,4.00,0.0370
laboratorio,segui,Undirected,3.00,0.0697
laboratorio,corporacao,Undirected,3.00,-0.0584
laboratorio,fechamento,Undirected,34.00,0.5165
laboratorio,vinculo,Undirected,15.00,0.2783
laboratorio,escala,Undirected,4.00,0.0838
laboratorio,research,Undirected,11.00,0.2706
laboratorio,acesso,Undirected,3.00,0.0418
laboratorio,verbal,Undirected,3.00,0.0789
laboratorio,relacao,Undirected,3.00,0.0726
maquina,claudio,Undirected,4.00,-0.1043
maquina,tabulacao,Undirected,20.00,0.3530
maquina,empresa,Undirected,5.00,0.0137
maquina,escala,Undirected,4.00,0.0816
maquina,aprendizado,Undirected,53.00,0.6483
maquina,artificial,Undirected,14.00,0.2086
maquina,fabio,Undirected,5.00,0.0015
maquina,analise,Undirected,3.00,0.0009
maquina,natural,Undirected,3.00,0.1285
maquina,brasil,Undirected,3.00,-0.0383
maquina,processamento,Undirected,5.00,0.1728
maquina,dado,Undirected,5.00,0.0018
maquina,material,Undirected,5.00,0.1109
maquina,estados,Undirected,4.00,0.1312
maquina,universidade,Undirected,3.00,0.0053
maquina,pesquisa,Undirected,3.00,-0.1312
maquina,questao,Undirected,3.00,0.0892
pratica,inovacao,Undirected,3.00,0.1010
pratica,centro,Undirected,5.00,0.0363
pratica,material,Undirected,4.00,0.1571
pratica,etnografia,Undirected,5.00,0.1663
pratica,descreve,Undirected,3.00,0.1159
pratica,negocio,Undirected,3.00,0.1671
pratica,corporacao,Undirected,4.00,0.0469
pratica,ecossistema,Undirected,4.00,0.0796
fapesp,centro,Undirected,22.00,0.1714
fapesp,pesquisa,Undirected,13.00,0.0461
fapesp,fabio,Undirected,7.00,0.0464
fapesp,claudio,Undirected,6.00,-0.0570
fapesp,acesso,Undirected,4.00,0.0772
fapesp,parceria,Undirected,6.00,0.1751
fapesp,ecossistema,Undirected,5.00,0.0335
fapesp,financiamento,Undirected,5.00,0.0939
fapesp,informacao,Undirected,4.00,0.0991
fapesp,verbal,Undirected,3.00,0.0789
fapesp,relatorio,Undirected,8.00,0.1707
fapesp,escala,Undirected,5.00,0.1131
fapesp,inovacao,Undirected,4.00,0.0651
fapesp,material,Undirected,3.00,0.0482
producao,pesquisa,Undirected,7.00,0.0791
producao,centro,Undirected,16.00,0.2470
producao,dado,Undirected,3.00,0.0493
producao,publicacoes,Undirected,10.00,0.3006
producao,analise,Undirected,5.00,0.1753
producao,rede,Undirected,3.00,-0.0092
partir,etnografia,Undirected,5.00,0.1217
partir,campo,Undirected,5.00,0.0633
partir,rede,Undirected,5.00,-0.0273
partir,material,Undirected,6.00,0.1697
partir,relacoes,Undirected,4.00,0.1534
partir,pesquisa,Undirected,7.00,-0.0037
partir,posicao,Undirected,6.00,0.1848
partir,ponto,Undirected,8.00,0.2024
partir,negocio,Undirected,3.00,0.1251
partir,publicacoes,Undirected,3.00,0.0626
partir,relatorio,Undirected,5.00,0.1347
partir,deixa,Undirected,5.00,0.1846
partir,parceria,Undirected,3.00,0.1111
material,fabio,Undirected,3.00,0.0193
material,etnografia,Undirected,3.00,0.1015
material,tecnica,Undirected,3.00,0.1468
material,vinculo,Undirected,3.00,0.1175
computacao,artificial,Undirected,5.00,0.1387
computacao,claudio,Undirected,3.00,-0.0575
computacao,research,Undirected,5.00,0.2279
computacao,tabulacao,Undirected,6.00,0.2338
computacao,fala,Undirected,5.00,0.2538
computacao,tecnologia,Undirected,4.00,0.0441
computacao,humano,Undirected,3.00,0.1231
computacao,centro,Undirected,5.00,0.0397
computacao,brasil,Undirected,6.00,0.1272
computacao,dado,Undirected,3.00,0.0197
linguagem,analise,Undirected,3.00,0.0771
linguagem,pesquisa,Undirected,5.00,0.0036
linguagem,processamento,Undirected,40.00,0.6766
linguagem,natural,Undirected,46.00,0.7505
linguagem,aprendizado,Undirected,3.00,0.1877
linguagem,dado,Undirected,4.00,0.0543
linguagem,codigo,Undirected,3.00,0.1399
linguagem,sistema,Undirected,3.00,0.1207
dado,codigo,Undirected,12.00,0.2324
dado,fala,Undirected,3.00,0.0780
dado,acesso,Undirected,8.00,0.1411
dado,deixa,Undirected,3.00,0.0581
dado,campo,Undirected,3.00,-0.0562
dado,processamento,Undirected,7.00,0.1935
dado,tabulacao,Undirected,3.00,0.0335
dado,centro,Undirected,7.00,-0.0297
dado,pesquisa,Undirected,9.00,-0.0367
dado,fabio,Undirected,3.00,-0.0833
dado,parte,Undirected,4.00,0.0195
dado,inovacao,Undirected,4.00,0.0356
dado,vinculo,Undirected,3.00,0.0149
posicao,pesquisador,Undirected,3.00,0.0910
posicao,parte,Undirected,5.00,0.1708
posicao,rede,Undirected,4.00,0.0082
posicao,pesquisa,Undirected,5.00,0.0184
posicao,fala,Undirected,3.00,0.1945
posicao,corporacao,Undirected,7.00,0.1399
posicao,claudio,Undirected,6.00,0.0386
posicao,deixa,Undirected,3.00,0.1746
relatorio,natural,Undirected,3.00,0.1962
relatorio,pesquisador,Undirected,3.00,0.0685
relatorio,ponto,Undirected,3.00,0.1043
relatorio,pesquisa,Undirected,7.00,0.0368
relatorio,corporacao,Undirected,5.00,0.0695
relatorio,ecossistema,Undirected,3.00,0.0387
relatorio,centro,Undirected,3.00,-0.0296
relatorio,universidade,Undirected,3.00,0.0730
relatorio,documentos,Undirected,3.00,0.1616
relacoes,corporacao,Undirected,7.00,0.1671
relacoes,deixa,Undirected,3.00,0.1992
relacoes,parte,Undirected,3.00,0.1271
relacoes,actante,Undirected,3.00,0.2050
relacoes,universidade,Undirected,3.00,0.1200
relacoes,descreve,Undirected,6.00,0.2570
inovacao,corporacao,Undirected,3.00,-0.0023
inovacao,tecnologia,Undirected,8.00,0.1168
inovacao,ecossistema,Undirected,58.00,0.5506
inovacao,artificial,Undirected,7.00,0.1671
inovacao,pesquisa,Undirected,7.00,0.0263
inovacao,claudio,Undirected,11.00,0.0855
inovacao,codigo,Undirected,3.00,0.1219
inovacao,financiamento,Undirected,5.00,0.1535
inovacao,questao,Undirected,5.00,0.2184
inovacao,universidade,Undirected,4.00,0.0997
inovacao,relacao,Undirected,3.00,0.1287
inovacao,secao,Undirected,3.00,0.1653
obia,parte,Undirected,3.00,0.1711
obia,observacao,Undirected,3.00,0.2631
obia,artificial,Undirected,15.00,0.4147
obia,vinculo,Undirected,7.00,0.3285
obia,campo,Undirected,6.00,0.2260
obia,etnografia,Undirected,3.00,0.1840
obia,parceria,Undirected,8.00,0.3950
obia,disponivel,Undirected,3.00,0.2479
campo,pesquisa,Undirected,18.00,0.0928
campo,etnografia,Undirected,7.00,0.1355
campo,fabio,Undirected,6.00,0.0246
campo,claudio,Undirected,6.00,-0.0588
campo,segui,Undirected,3.00,0.0680
campo,observacao,Undirected,14.00,0.3406
campo,entrevistas,Undirected,12.00,0.2202
campo,documentos,Undirected,4.00,0.1316
campo,centro,Undirected,3.00,-0.0968
campo,relacao,Undirected,3.00,0.0710
campo,corporacao,Undirected,3.00,-0.0601
campo,analise,Undirected,5.00,0.0633
campo,bluetalks,Undirected,3.00,0.0680
investigacao,centro,Undirected,5.00,0.1138
investigacao,pesquisa,Undirected,5.00,0.0777
investigacao,relacao,Undirected,3.00,0.2166
investigacao,disponivel,Undirected,3.00,0.2352
investigacao,questao,Undirected,6.00,0.3413
investigacao,rede,Undirected,3.00,0.0310
claudio,rede,Undirected,25.00,0.0182
claudio,fabio,Undirected,183.00,0.5786
claudio,corporacao,Undirected,6.00,-0.0922
claudio,segui,Undirected,15.00,0.1811
claudio,centro,Undirected,22.00,0.0346
claudio,empresa,Undirected,5.00,-0.0963
claudio,questao,Undirected,6.00,0.0703
claudio,ecossistema,Undirected,20.00,0.1074
claudio,fala,Undirected,22.00,0.2956
claudio,bluetalks,Undirected,35.00,0.3399
claudio,negocio,Undirected,3.00,-0.0095
claudio,sistema,Undirected,4.00,-0.0271
claudio,observacao,Undirected,3.00,0.0009
claudio,entrevistas,Undirected,19.00,0.1696
claudio,ponto,Undirected,4.00,-0.0352
claudio,pesquisador,Undirected,7.00,-0.0066
claudio,acesso,Undirected,5.00,-0.0058
claudio,verbal,Undirected,56.00,0.4481
claudio,informacao,Undirected,72.00,0.4912
claudio,financiamento,Undirected,5.00,-0.0183
claudio,relacao,Undirected,3.00,-0.0330
claudio,etnografia,Undirected,5.00,-0.0212
claudio,research,Undirected,4.00,0.0096
claudio,descreve,Undirected,10.00,0.0741
claudio,pesquisa,Undirected,17.00,-0.0457
claudio,publicacoes,Undirected,4.00,-0.0405
claudio,disponivel,Undirected,3.00,-0.0144
claudio,fechamento,Undirected,4.00,0.0241
research,pesquisador,Undirected,10.00,0.2882
research,brasil,Undirected,51.00,0.5740
research,pesquisa,Undirected,3.00,-0.0210
research,fechamento,Undirected,13.00,0.4464
pesquisa,analise,Undirected,13.00,0.0809
pesquisa,artificial,Undirected,8.00,0.0079
pesquisa,etnografia,Undirected,8.00,0.0408
pesquisa,empresa,Undirected,11.00,0.0023
pesquisa,centro,Undirected,54.00,0.1930
pesquisa,ecossistema,Undirected,10.00,0.0088
pesquisa,negocio,Undirected,4.00,0.0268
pesquisa,universidade,Undirected,13.00,0.0862
pesquisa,rede,Undirected,9.00,-0.1036
pesquisa,parte,Undirected,9.00,0.0422
pesquisa,ponto,Undirected,3.00,-0.0643
pesquisa,questao,Undirected,8.00,0.1128
pesquisa,publicacoes,Undirected,10.00,0.0789
pesquisa,fabio,Undirected,11.00,-0.0112
pesquisa,parceria,Undirected,4.00,0.0123
pesquisa,brasil,Undirected,23.00,0.1216
pesquisa,relacao,Undirected,4.00,0.0025
pesquisa,pesquisador,Undirected,9.00,0.0290
pesquisa,processamento,Undirected,8.00,0.1300
pesquisa,fala,Undirected,3.00,0.0034
pesquisa,informacao,Undirected,7.00,0.0627
pesquisa,verbal,Undirected,3.00,-0.0242
pesquisa,escala,Undirected,5.00,0.0036
pesquisa,tecnologia,Undirected,3.00,-0.1674
pesquisa,financiamento,Undirected,15.00,0.1358
pesquisa,descreve,Undirected,4.00,-0.0261
pesquisa,deixa,Undirected,8.00,0.0889
pesquisa,corporacao,Undirected,8.00,-0.0557
pesquisa,vinculo,Undirected,3.00,-0.0597
pesquisa,aprendizado,Undirected,3.00,0.0104
negocio,empresa,Undirected,9.00,0.2335
negocio,codigo,Undirected,5.00,0.2615
negocio,escala,Undirected,3.00,0.1703
negocio,rede,Undirected,3.00,0.0091
segui,rede,Undirected,19.00,0.2355
segui,fabio,Undirected,17.00,0.2979
segui,observacao,Undirected,3.00,0.2021
segui,documentos,Undirected,3.00,0.1917
segui,brasil,Undirected,5.00,0.1251
segui,ponto,Undirected,3.00,0.1344
brasil,empresa,Undirected,9.00,0.0823
brasil,centro,Undirected,4.00,-0.0749
brasil,parceria,Undirected,5.00,0.1383
brasil,estados,Undirected,7.00,0.2023
brasil,pesquisador,Undirected,7.00,0.0991
brasil,universidade,Undirected,10.00,0.1562
brasil,parte,Undirected,5.00,0.0665
brasil,fechamento,Undirected,13.00,0.3043
brasil,vinculo,Undirected,3.00,0.0332
brasil,ecossistema,Undirected,8.00,0.0845
brasil,artificial,Undirected,6.00,0.0729
brasil,escala,Undirected,3.00,0.0380
brasil,tabulacao,Undirected,3.00,0.0519
brasil,disponivel,Undirected,3.00,0.0811
brasil,acesso,Undirected,5.00,0.0956
brasil,tecnologia,Undirected,7.00,0.0246
sistema,bluetalks,Undirected,3.00,0.1422
sistema,tabulacao,Undirected,24.00,0.4879
financiamento,corporacao,Undirected,8.00,0.1235
financiamento,centro,Undirected,6.00,0.0436
financiamento,pesquisador,Undirected,3.00,0.0591
financiamento,empresa,Undirected,3.00,0.0128
financiamento,descreve,Undirected,3.00,0.1010
financiamento,informacao,Undirected,4.00,0.1571
financiamento,verbal,Undirected,5.00,0.2053
financiamento,fabio,Undirected,3.00,0.0013
financiamento,tecnica,Undirected,4.00,0.1671
tecnologia,corporacao,Undirected,17.00,0.1263
tecnologia,ponto,Undirected,6.00,0.0864
tecnologia,centro,Undirected,8.00,-0.0242
tecnologia,universidade,Undirected,11.00,0.1379
tecnologia,empresa,Undirected,16.00,0.1353
tecnologia,escala,Undirected,3.00,0.0098
tecnologia,artificial,Undirected,5.00,0.0192
tecnologia,processamento,Undirected,3.00,0.0681
tecnologia,vinculo,Undirected,3.00,0.0050
tecnologia,informacao,Undirected,3.00,0.0246
parte,centro,Undirected,4.00,-0.0225
parte,escala,Undirected,4.00,0.1256
parte,ponto,Undirected,3.00,0.0793
parte,rede,Undirected,5.00,-0.0150
parte,descreve,Undirected,5.00,0.1527
parte,empresa,Undirected,6.00,0.0829
parte,entrevistas,Undirected,4.00,0.1055
parte,corporacao,Undirected,4.00,0.0154
parte,fechamento,Undirected,3.00,0.1366
acesso,disponivel,Undirected,40.00,0.6459
acesso,fabio,Undirected,3.00,0.0130
acesso,pesquisador,Undirected,4.00,0.1071
acesso,entrevistas,Undirected,3.00,0.0965
acesso,documentos,Undirected,9.00,0.3309
publicacoes,analise,Undirected,20.00,0.3464
publicacoes,centro,Undirected,6.00,0.0474
publicacoes,parceria,Undirected,4.00,0.1805
publicacoes,entrevistas,Undirected,11.00,0.2445
publicacoes,deixa,Undirected,5.00,0.1851
publicacoes,ponto,Undirected,3.00,0.0984
aprendizado,natural,Undirected,4.00,0.3133
aprendizado,processamento,Undirected,4.00,0.2883
aprendizado,centro,Undirected,6.00,0.1341
aprendizado,artificial,Undirected,18.00,0.4303
escala,questao,Undirected,3.00,0.1654
escala,tabulacao,Undirected,4.00,0.1748
empresa,centro,Undirected,3.00,-0.1125
empresa,ecossistema,Undirected,18.00,0.2017
empresa,codigo,Undirected,6.00,0.1385
empresa,relacao,Undirected,3.00,0.0553
empresa,universidade,Undirected,5.00,0.0514
empresa,tabulacao,Undirected,3.00,0.0447
empresa,corporacao,Undirected,7.00,0.0232
empresa,artificial,Undirected,3.00,-0.0192
empresa,descreve,Undirected,4.00,0.0625
empresa,tecnica,Undirected,3.00,0.0553
empresa,fabio,Undirected,8.00,0.0449
empresa,secao,Undirected,7.00,0.1858
empresa,parceria,Undirected,3.00,0.0648
empresa,processamento,Undirected,3.00,0.0892
documentos,observacao,Undirected,7.00,0.3602
documentos,entrevistas,Undirected,21.00,0.4796
documentos,etnografia,Undirected,3.00,0.1495
documentos,fabio,Undirected,3.00,0.0673
documentos,actante,Undirected,3.00,0.2145
documentos,analise,Undirected,3.00,0.1251
ecossistema,artificial,Undirected,10.00,0.1562
ecossistema,questao,Undirected,4.00,0.1274
ecossistema,fala,Undirected,6.00,0.2007
ecossistema,bluetalks,Undirected,5.00,0.1350
ecossistema,vinculo,Undirected,11.00,0.2242
ecossistema,relacao,Undirected,5.00,0.1382
ecossistema,universidade,Undirected,9.00,0.1144
ecossistema,corporacao,Undirected,3.00,-0.0592
ecossistema,centro,Undirected,6.00,-0.0183
ecossistema,parceria,Undirected,3.00,0.0813
ecossistema,codigo,Undirected,3.00,0.0649
relacao,rede,Undirected,11.00,0.1574
relacao,universidade,Undirected,6.00,0.2011
relacao,fabio,Undirected,3.00,0.0438
relacao,analise,Undirected,5.00,0.1698
informacao,verbal,Undirected,83.00,0.8725
informacao,fabio,Undirected,19.00,0.3103
informacao,centro,Undirected,4.00,0.0276
humano,actante,Undirected,7.00,0.2925
humano,rede,Undirected,10.00,0.1000
humano,natural,Undirected,3.00,0.2056
analise,rede,Undirected,30.00,0.2228
analise,entrevistas,Undirected,5.00,0.1232
analise,observacao,Undirected,5.00,0.2058
analise,bluetalks,Undirected,3.00,0.0986
analise,actante,Undirected,3.00,0.1214
analise,corporacao,Undirected,3.00,-0.0295
questao,deixa,Undirected,3.00,0.2038
questao,universidade,Undirected,3.00,0.1247
questao,centro,Undirected,3.00,0.0221
questao,ponto,Undirected,5.00,0.2276
questao,vinculo,Undirected,6.00,0.2604
questao,codigo,Undirected,3.00,0.1830
entrevistas,fabio,Undirected,30.00,0.3495
entrevistas,observacao,Undirected,20.00,0.4823
entrevistas,corporacao,Undirected,3.00,-0.0037
tabulacao,parceria,Undirected,6.00,0.2707
codigo,tecnica,Undirected,3.00,0.1644
bluetalks,corporacao,Undirected,3.00,0.0372
bluetalks,fala,Undirected,7.00,0.3309
bluetalks,deixa,Undirected,3.00,0.1822
bluetalks,disponivel,Undirected,3.00,0.1869
pesquisador,centro,Undirected,10.00,0.0827
pesquisador,rede,Undirected,4.00,-0.0529
pesquisador,secao,Undirected,3.00,0.1382
pesquisador,actante,Undirected,3.00,0.1214
pesquisador,etnografia,Undirected,3.00,0.0563
universidade,rede,Undirected,5.00,-0.0225
universidade,corporacao,Undirected,15.00,0.1946
universidade,vinculo,Undirected,4.00,0.1134
universidade,centro,Undirected,10.00,0.0879
universidade,estados,Undirected,4.00,0.1679
universidade,deixa,Undirected,3.00,0.1200
deixa,rede,Undirected,6.00,0.0855
deixa,ponto,Undirected,6.00,0.2503
deixa,centro,Undirected,3.00,0.0175
ponto,rede,Undirected,3.00,-0.0482
ponto,natural,Undirected,4.00,0.2360
ponto,etnografia,Undirected,4.00,0.1292
ponto,vinculo,Undirected,3.00,0.1081
fabio,rede,Undirected,30.00,0.1391
fabio,corporacao,Undirected,4.00,-0.0562
fabio,observacao,Undirected,3.00,0.0777
fabio,descreve,Undirected,3.00,0.0161
fabio,etnografia,Undirected,7.00,0.1055
fabio,centro,Undirected,3.00,-0.1239
fabio,verbal,Undirected,17.00,0.3094
fabio,fala,Undirected,3.00,0.0777
processamento,natural,Undirected,28.00,0.6956
artificial,secao,Undirected,3.00,0.1334
artificial,rede,Undirected,4.00,-0.0579
artificial,centro,Undirected,18.00,0.1680
artificial,parceria,Undirected,3.00,0.1062
vinculo,centro,Undirected,8.00,0.0971
vinculo,rede,Undirected,3.00,-0.0436
vinculo,fechamento,Undirected,9.00,0.3327
verbal,fala,Undirected,3.00,0.2114
verbal,fechamento,Undirected,3.00,0.2010
fala,centro,Undirected,3.00,0.0374
observacao,descreve,Undirected,3.00,0.1774
observacao,etnografia,Undirected,3.00,0.1598
observacao,actante,Undirected,3.00,0.2249
tecnica,descreve,Undirected,3.00,0.1436
actante,descreve,Undirected,3.00,0.1634
actante,rede,Undirected,5.00,0.0678
rede,corporacao,Undirected,9.00,-0.0228
rede,centro,Undirected,16.00,0.0112
rede,etnografia,Undirected,4.00,-0.0277
disponivel,secao,Undirected,3.00,0.2265
secao,descreve,Undirected,8.00,0.3290
fechamento,parceria,Undirected,3.00,0.2042
parceria,centro,Undirected,9.00,0.1583
descreve,centro,Undirected,3.00,-0.0242
