Id,Label,community,frequency,degree_weighted,betweenness,pagerank
seguir,seguir,1,72,254.0000,0.068027,0.016650
trajetoria,trajetoria,1,52,151.0000,0.053288,0.011618
sigo,sigo,1,26,93.0000,0.000000,0.007117
comercial,comercial,6,24,60.0000,0.011750,0.005732
cientifico,cientifico,0,44,144.0000,0.021851,0.010649
corte,corte,1,24,56.0000,0.008040,0.005003
unidos,unidos,4,19,81.0000,0.002268,0.007566
recursos,recursos,0,36,69.0000,0.000000,0.005962
grupo,grupo,0,29,97.0000,0.000825,0.007809
cadeia,cadeia,0,24,42.0000,0.000000,0.004437
tornou,tornou,0,25,69.0000,0.000000,0.005727
modelo,modelo,5,77,171.0000,0.025356,0.012819
publico,publico,0,79,269.0000,0.048237,0.018430
instituicao,instituicao,0,61,156.0000,0.005978,0.011304
inteligencia,inteligencia,3,50,300.0000,0.096681,0.018666
associacao,associacao,1,67,150.0000,0.000206,0.010640
brasileiro,brasileiro,3,21,75.0000,0.000000,0.005919
relatorios,relatorios,0,37,148.0000,0.018965,0.010896
hollerith,hollerith,3,63,194.0000,0.060812,0.014460
saude,saude,0,30,61.0000,0.000000,0.005026
maior,maior,0,33,53.0000,0.000000,0.004966
ciencia,ciencia,6,41,90.0000,0.009070,0.007278
inscricao,inscricao,1,25,63.0000,0.009276,0.005917
pergunta,pergunta,2,49,140.0000,0.017728,0.010380
descrevo,descrevo,1,34,133.0000,0.002268,0.009984
resposta,resposta,2,21,56.0000,0.000000,0.004788
gente,gente,4,28,64.0000,0.001443,0.005574
ator,ator,1,63,209.0000,0.054009,0.014565
infraestrutura,infraestrutura,0,56,125.0000,0.007937,0.009542
conhecimento,conhecimento,5,36,46.0000,0.000000,0.004405
aberto,aberto,5,29,105.0000,0.000412,0.008392
historica,historica,6,24,99.0000,0.013193,0.008378
arranjo,arranjo,0,90,221.0000,0.020202,0.015111
laboratorio,laboratorio,4,68,220.0000,0.048237,0.015348
maquina,maquina,3,69,230.0000,0.042878,0.016212
pratica,pratica,3,36,42.0000,0.000000,0.004268
fapesp,fapesp,0,67,175.0000,0.035663,0.012298
producao,producao,0,27,87.0000,0.000000,0.006973
partir,partir,0,52,107.0000,0.012781,0.008618
material,material,3,35,43.0000,0.000000,0.004339
computacao,computacao,3,35,74.0000,0.000000,0.006089
linguagem,linguagem,5,35,139.0000,0.010513,0.010920
dado,dado,5,86,165.0000,0.036900,0.012391
posicao,posicao,0,31,64.0000,0.000000,0.005515
relatorio,relatorio,0,38,77.0000,0.000000,0.006375
relacoes,relacoes,0,25,54.0000,0.000206,0.005120
inovacao,inovacao,6,41,150.0000,0.000000,0.010373
obia,obia,3,17,79.0000,0.000000,0.006519
campo,campo,2,68,144.0000,0.005978,0.010499
investigacao,investigacao,6,19,63.0000,0.000206,0.005689
claudio,claudio,2,170,729.0000,0.212121,0.043517
research,research,4,26,97.0000,0.001031,0.007391
pesquisa,pesquisa,0,167,553.0000,0.341270,0.035804
negocio,negocio,5,23,67.0000,0.004741,0.005897
segui,segui,1,29,114.0000,0.000000,0.008060
brasil,brasil,4,74,259.0000,0.058545,0.017983
sistema,sistema,3,36,57.0000,0.000000,0.005174
financiamento,financiamento,0,41,93.0000,0.000000,0.007055
tecnologia,tecnologia,6,94,167.0000,0.016491,0.012023
parte,parte,0,47,120.0000,0.001855,0.009322
acesso,acesso,4,37,105.0000,0.019171,0.008730
publicacoes,publicacoes,0,41,106.0000,0.006597,0.008245
aprendizado,aprendizado,3,20,103.0000,0.000000,0.007521
escala,escala,0,35,53.0000,0.000000,0.004953
empresa,empresa,6,78,191.0000,0.030303,0.013531
documentos,documentos,2,23,88.0000,0.016491,0.007049
ecossistema,ecossistema,6,68,230.0000,0.034426,0.015283
relacao,relacao,6,29,73.0000,0.000000,0.005926
informacao,informacao,2,31,205.0000,0.000000,0.012233
humano,humano,1,40,54.0000,0.000000,0.004994
analise,analise,0,52,129.0000,0.010823,0.009612
questao,questao,5,24,81.0000,0.000206,0.006560
entrevistas,entrevistas,2,42,158.0000,0.049680,0.011125
tabulacao,tabulacao,3,31,114.0000,0.001855,0.009151
codigo,codigo,5,30,123.0000,0.021439,0.009682
bluetalks,bluetalks,2,29,88.0000,0.000000,0.006858
pesquisador,pesquisador,4,52,98.0000,0.000000,0.007588
universidade,universidade,0,51,166.0000,0.001855,0.011611
deixa,deixa,0,25,63.0000,0.000000,0.005570
ponto,ponto,0,38,83.0000,0.000000,0.006857
fabio,fabio,2,87,450.0000,0.152340,0.026541
estados,estados,4,23,75.0000,0.017522,0.007096
processamento,processamento,5,21,114.0000,0.027417,0.009124
artificial,artificial,3,55,305.0000,0.056277,0.019136
vinculo,vinculo,4,37,135.0000,0.000000,0.010003
verbal,verbal,2,27,183.0000,0.000000,0.011086
fala,fala,2,21,64.0000,0.000000,0.005193
natural,natural,5,17,95.0000,0.000618,0.007926
observacao,observacao,2,21,70.0000,0.000000,0.005871
tecnica,tecnica,6,29,53.0000,0.001031,0.005375
actante,actante,1,26,61.0000,0.000000,0.005526
rede,rede,1,148,422.0000,0.172748,0.028012
disponivel,disponivel,4,24,68.0000,0.000825,0.006238
corporacao,corporacao,0,89,222.0000,0.030921,0.015579
secao,secao,1,21,47.0000,0.000000,0.004562
fechamento,fechamento,4,23,99.0000,0.000000,0.007637
etnografia,etnografia,2,42,106.0000,0.000206,0.008256
parceria,parceria,0,26,67.0000,0.000000,0.005665
descreve,descreve,1,36,74.0000,0.001649,0.006483
centro,centro,0,124,404.0000,0.276232,0.026130
